# Old blog posts -> journal
/blog/hello-world /journal 301
/blog/rain-day-three /journal 301
/blog/gear-suffering-style /journal 301
/blog/parenting-builds-character /journal 301
/blog/type-2-fun-addiction /journal 301
/blog/cold-plunge-lies /journal 301

# Old blog index -> journal
/blog /journal 301
/blog/ /journal 301

# Field notes -> journal
/field-notes /journal 301
/field-notes/ /journal 301
/field-notes/* /journal/:splat 301

# Equipment -> shop
/equipment /shop 301
/equipment/ /shop 301

# Old about -> manifesto
/about /manifesto 301
/about/ /manifesto 301

# Deleted dashboard
/dashboard / 301
/dashboard/ / 301
